cfile,BestSansPip,OracleEP,TimeWithIPNaive,Diff,EPConfiguration,Index
557.xz+liblzma_rangecoder_price_table.c,1478.52,486.2,328.94,992.3199999999999,EP_Solver=Naive,0.0
526.blender+blender_source_blender_editors_io_io_ops.c,1702.82,615.0,816.58,1087.82,EP_Solver=Naive,1.0
526.blender+spec_backtrace.c,1704.38,641.8,486.42,1062.5800000000002,EP_Solver=Naive,2.0
502.gcc+vasprintf.c,1728.92,479.6,338.96,1249.3200000000002,EP_Solver=Naive,3.0
526.blender+blender_source_blender_editors_curve_lorem.c,1818.5,578.4,384.58,1240.1,EP_Solver=Naive,4.0
557.xz+liblzma_lzma_fastpos_table.c,1820.76,506.4,433.44,1314.3600000000001,EP_Solver=Naive,5.0
526.blender+blender_bin_source_blender_makesdna_intern_dna.c,1875.14,585.6,398.78,1289.54,EP_Solver=Naive,6.0
526.blender+blender_bin_source_blender_gpu_shaders_gpu_shader_simple_frag.glsl.c,1959.4,608.2,474.84,1351.2,EP_Solver=Naive,7.0
526.blender+blender_bin_source_blender_gpu_shaders_gpu_shader_vertex.glsl.c,1964.04,618.2,460.08,1345.84,EP_Solver=Naive,8.0
526.blender+blender_bin_source_blender_gpu_shaders_gpu_shader_vsm_store_vert.glsl.c,2036.54,635.6,368.02,1400.94,EP_Solver=Naive,9.0
526.blender+blender_source_blender_blenlib_intern_system.c,2074.06,617.2,576.68,1456.86,EP_Solver=Naive,10.0
526.blender+blender_bin_source_blender_gpu_shaders_gpu_shader_simple_vert.glsl.c,2122.3,565.4,437.6,1556.9,EP_Solver=Naive,11.0
526.blender+blender_bin_source_blender_gpu_shaders_gpu_shader_material.glsl.c,2125.54,609.4,374.3,1516.1399999999999,EP_Solver=Naive,12.0
526.blender+blender_bin_source_blender_gpu_shaders_gpu_shader_sep_gaussian_blur_vert.glsl.c,2177.98,569.4,441.32,1608.58,EP_Solver=Naive,13.0
526.blender+blender_bin_source_blender_gpu_shaders_gpu_shader_vsm_store_frag.glsl.c,2207.36,576.4,469.46,1630.96,EP_Solver=Naive,14.0
507.cactuBSSN+CactusBindings_Functions_GenericFD_Functions.c,2251.52,664.2,662.94,1587.32,EP_Solver=Naive,15.0
502.gcc+cc1-checksum.c,2282.88,485.4,372.0,1797.48,EP_Solver=Naive,16.0
526.blender+blender_bin_release_datafiles_bmonofont.ttf.c,2294.12,595.0,404.32,1699.12,EP_Solver=Naive,17.0
526.blender+blender_bin_source_blender_gpu_shaders_gpu_shader_sep_gaussian_blur_frag.glsl.c,2364.74,701.4,447.86,1663.3399999999997,EP_Solver=Naive,18.0
gdb-15.2+sim_common_version.c,2440.4,893.0,463.4,1547.4,EP_Solver=Naive,19.0
507.cactuBSSN+CactusBindings_Functions_IOBasic_Functions.c,2444.66,798.0,712.56,1646.6599999999999,EP_Solver=Naive,20.0
526.blender+blender_bin_release_datafiles_startup.blend.c,2508.92,625.4,381.4,1883.52,EP_Solver=Naive,21.0
526.blender+blender_bin_release_datafiles_bfont.ttf.c,2510.38,607.4,398.64,1902.98,EP_Solver=Naive,22.0
gdb-15.2+gnulib_import_exitfail.c,2525.4,863.0,482.8,1662.4,EP_Solver=Naive,23.0
507.cactuBSSN+CactusBindings_Functions_ML_BSSN_Functions.c,2526.42,729.2,641.46,1797.22,EP_Solver=Naive,24.0
502.gcc+version.c,2544.72,668.8,490.28,1875.9199999999998,EP_Solver=Naive,25.0
526.blender+blender_bin_release_datafiles_bfont.pfb.c,2548.8,683.0,554.34,1865.8000000000002,EP_Solver=Naive,26.0
557.xz+common_tuklib_cpucores.c,2584.14,698.8,639.12,1885.34,EP_Solver=Naive,27.0
507.cactuBSSN+CactusBindings_Functions_GaugeWave_Functions.c,2597.24,682.8,662.64,1914.4399999999998,EP_Solver=Naive,28.0
557.xz+common_tuklib_physmem.c,2698.66,682.4,1068.74,2016.2599999999998,EP_Solver=Naive,29.0
emacs-29.4+lib_fingerprint.c,2719.2,1024.0,441.2,1695.1999999999998,EP_Solver=Naive,30.0
502.gcc+safe-ctype.c,2737.52,775.2,586.32,1962.32,EP_Solver=Naive,31.0
ghostscript-10.04.0+obj_jaricom.c,2841.0,937.0,590.8,1904.0,EP_Solver=Naive,32.0
sendmail-8.18.1+sendmail_version.c,2847.6,918.0,557.2,1929.6,EP_Solver=Naive,33.0
525.x264+x264_src_common_mdate.c,2908.3,594.8,1134.08,2313.5,EP_Solver=Naive,34.0
507.cactuBSSN+CactusBindings_Parameters_Global.c,2931.78,493.8,990.64,2437.98,EP_Solver=Naive,35.0
502.gcc+graphite.c,2984.86,1103.2,1222.76,1881.66,EP_Solver=Naive,36.0
ghostscript-10.04.0+base_scantab.c,3023.8,1133.0,529.6,1890.8000000000002,EP_Solver=Naive,37.0
557.xz+liblzma_common_hardware_physmem.c,3032.34,1074.2,1241.72,1958.14,EP_Solver=Naive,38.0
507.cactuBSSN+CactusBindings_Functions_ML_BSSN_Helper_Functions.c,3043.52,661.6,665.2,2381.92,EP_Solver=Naive,39.0
ghostscript-10.04.0+freetype_src_autofit_afblue.c,3228.4,1124.0,587.8,2104.4,EP_Solver=Naive,40.0
526.blender+blender_extern_colamd_Source_colamd_global.c,3268.82,1719.0,776.56,1549.8200000000002,EP_Solver=Naive,41.0
526.blender+blender_source_blender_blenlib_intern_time.c,3297.42,1048.4,1242.18,2249.02,EP_Solver=Naive,42.0
525.x264+x264_src_common_cpu.c,3339.04,1131.4,1292.96,2207.64,EP_Solver=Naive,43.0
507.cactuBSSN+CactusBindings_Parameters_LocalReduce_Parameters.c,3350.52,1081.4,934.82,2269.12,EP_Solver=Naive,44.0
502.gcc+hex.c,3396.04,703.6,1650.06,2692.44,EP_Solver=Naive,45.0
538.imagick+magick_static.c,3549.28,1479.8,1037.54,2069.4800000000005,EP_Solver=Naive,46.0
gdb-15.2+libiberty_safe-ctype.c,3644.2,1265.0,754.6,2379.2,EP_Solver=Naive,47.0
ghostscript-10.04.0+devices_vector_gdevpdtv.c,3730.6,1307.0,576.6,2423.6,EP_Solver=Naive,48.0
502.gcc+getruntime.c,3761.98,1461.8,1497.86,2300.1800000000003,EP_Solver=Naive,49.0
ghostscript-10.04.0+tiff_libtiff_tif_version.c,3818.2,1219.0,987.2,2599.2,EP_Solver=Naive,50.0
sendmail-8.18.1+libsm_flags.c,3828.2,1541.0,793.2,2287.2,EP_Solver=Naive,51.0
sendmail-8.18.1+libsmutil_debug.c,3844.6,1090.0,452.4,2754.6,EP_Solver=Naive,52.0
507.cactuBSSN+CactusBindings_Functions_ADMBase_Functions.c,3957.86,1612.4,728.52,2345.46,EP_Solver=Naive,53.0
ghostscript-10.04.0+tiff_libtiff_tif_fax3sm.c,4013.0,1281.0,784.4,2732.0,EP_Solver=Naive,54.0
emacs-29.4+lib_acl-internal.c,4113.6,1850.0,1020.8,2263.6000000000004,EP_Solver=Naive,55.0
557.xz+liblzma_check_crc32_table.c,4148.12,2289.6,1355.86,1858.52,EP_OVS_Solver=Naive,56.0
557.xz+liblzma_check_crc64_table.c,4149.14,507.2,1182.32,3641.9400000000005,EP_Solver=Naive,57.0
507.cactuBSSN+CactusBindings_Functions_CartGrid3D_Functions.c,4178.62,752.2,1828.76,3426.42,EP_Solver=Naive,58.0
gdb-15.2+gnulib_import_sockets.c,4201.2,2099.0,993.0,2102.2,EP_Solver=Naive,59.0
557.xz+common_tuklib_open_stdxxx.c,4203.26,696.8,669.64,3506.46,EP_Solver=Naive,60.0
526.blender+blender_source_blender_bmesh_operators_bmo_smooth_laplacian.c,4303.98,1824.6,1565.12,2479.3799999999997,EP_Solver=Naive,61.0
gdb-15.2+gnulib_import_dup-safer-flag.c,4324.4,2116.0,980.0,2208.3999999999996,EP_Solver=Naive,62.0
507.cactuBSSN+CactusBindings_Schedule_ScheduleADMCoupling.c,4388.6,906.0,800.1,3482.6000000000004,EP_Solver=Naive,63.0
gdb-15.2+libiberty_filedescriptor.c,4407.0,1829.0,1138.4,2578.0,EP_Solver=Naive,64.0
507.cactuBSSN+ML_BSSN_Helper_RegisterSlicing.c,4551.48,1064.6,1055.0,3486.8799999999997,EP_Solver=Naive,65.0
gdb-15.2+libiberty_getruntime.c,4782.2,2020.0,1216.8,2762.2,EP_Solver=Naive,67.0
emacs-29.4+lib_file-has-acl.c,4825.6,2532.0,1223.6,2293.6000000000004,EP_Solver=Naive,68.0
502.gcc+host-linux.c,4849.86,2957.4,1296.42,1892.4599999999996,EP_Solver=Naive,69.0
emacs-29.4+lib_openat-die.c,4921.2,2323.0,1304.2,2598.2,EP_Solver=Naive,70.0
557.xz+xz_main.c,4966.66,1064.6,986.14,3902.06,EP_Solver=Naive,71.0
557.xz+common_tuklib_exit.c,5164.08,1091.6,1108.96,4072.48,EP_Solver=Naive,72.0
emacs-29.4+lib_binary-io.c,5316.8,2790.0,1502.0,2526.8,EP_Solver=Naive,73.0
526.blender+blender_source_blender_gpu_intern_gpu_init_exit.c,5343.14,2239.8,1570.62,3103.34,EP_Solver=Naive,74.0
507.cactuBSSN+PUGH_FinishReceiveGA.c,5477.78,1058.4,1193.76,4419.379999999999,EP_Solver=Naive,75.0
gdb-15.2+libiberty_stack-limit.c,5532.2,2766.0,1598.6,2766.2,EP_Solver=Naive,76.0
507.cactuBSSN+CactusBindings_Parameters_ADMCoupling_Parameters.c,5542.4,1134.6,1183.22,4407.799999999999,EP_Solver=Naive,77.0
502.gcc+lrealpath.c,5836.9,3128.4,1902.24,2708.4999999999995,EP_Solver=Naive,78.0
emacs-29.4+lib_allocator.c,5855.4,3327.0,1337.4,2528.3999999999996,EP_Solver=Naive,79.0
557.xz+xz_args.c,5862.2,912.0,2155.8,4950.2,EP_Solver=Naive,80.0
ghostscript-10.04.0+psi_zncdummy.c,5975.4,5249.0,2056.8,726.3999999999996,EP_Solver=Naive,81.0
ghostscript-10.04.0+leptonica_src_libversions.c,5989.0,1568.0,1207.4,4421.0,EP_Solver=Naive,82.0
502.gcc+fdmatch.c,6090.5,1982.6,1613.28,4107.9,EP_Solver=Naive,83.0
ghostscript-10.04.0+psi_inouparm.c,6132.8,2608.0,1353.0,3524.8,EP_Solver=Naive,84.0
gdb-15.2+libiberty_fdmatch.c,6224.4,2932.0,1705.6,3292.3999999999996,EP_Solver=Naive,85.0
emacs-29.4+lib_count-one-bits.c,6255.6,3152.0,1836.0,3103.6000000000004,EP_Solver=Naive,86.0
ghostscript-10.04.0+base_gp_upapr.c,6342.0,3631.0,1731.2,2711.0,EP_Solver=Naive,87.0
ghostscript-10.04.0+psi_inobtokn.c,6452.2,3030.0,1648.6,3422.2,EP_Solver=Naive,88.0
557.xz+liblzma_common_vli_size.c,6474.86,1506.4,2225.18,4968.459999999999,EP_Solver=Naive,89.0
ghostscript-10.04.0+freetype_src_psaux_pserror.c,6502.4,2759.0,1559.6,3743.3999999999996,EP_Solver=Naive,90.0
emacs-29.4+lib_dtotimespec.c,6719.2,5379.0,1559.2,1340.1999999999998,EP_OVS_Solver=Naive,91.0
502.gcc+unlink-if-ordinary.c,6744.5,4609.8,2172.4,2134.7,EP_Solver=Naive,92.0
ghostscript-10.04.0+freetype_src_lzw_ftlzw.c,6748.2,3532.0,1621.4,3216.2,EP_Solver=Naive,93.0
gdb-15.2+gnulib_import_openat-die.c,6769.2,3783.0,1899.8,2986.2,EP_Solver=Naive,94.0
emacs-29.4+lib_count-leading-zeros.c,6792.0,3738.0,2119.2,3054.0,EP_Solver=Naive,95.0
emacs-29.4+lib_count-trailing-zeros.c,6798.0,3530.0,2160.8,3268.0,EP_Solver=Naive,96.0
507.cactuBSSN+PUGH_PostSendGA.c,6821.28,1198.0,1440.64,5623.28,EP_Solver=Naive,97.0
gdb-15.2+gnulib_import_hard-locale.c,6825.2,3326.0,1811.6,3499.2,EP_Solver=Naive,98.0
sendmail-8.18.1+libsm_memstat.c,6833.8,4233.0,1908.0,2600.8,EP_Solver=Naive,99.0
507.cactuBSSN+CactusBindings_Functions_IOASCII_Functions.c,6863.24,1691.8,633.96,5171.44,EP_Solver=Naive,100.0
557.xz+common_tuklib_progname.c,6866.64,6101.2,2374.1,765.4400000000005,EP_Solver=Worklist_Policy=LastInFirstOut_LazyCD,101.0
sendmail-8.18.1+sendmail_udb.c,6900.6,3341.0,1806.2,3559.6000000000004,EP_Solver=Naive,102.0
gdb-15.2+gnulib_import_fd-safer.c,6923.4,4769.0,2839.0,2154.3999999999996,EP_Solver=Naive,103.0
502.gcc+auto-inc-dec.c,6949.22,3552.6,2416.98,3396.6200000000003,EP_Solver=Naive,104.0
gdb-15.2+gnulib_import_fd-safer-flag.c,6968.0,5261.0,1822.6,1707.0,EP_Solver=Naive,105.0
507.cactuBSSN+CactusBindings_Parameters_PUGHSlab_Parameters.c,7149.28,1075.6,1488.58,6073.68,EP_Solver=Naive,106.0
gdb-15.2+libiberty_physmem.c,7180.4,3845.0,2291.8,3335.3999999999996,EP_Solver=Naive,107.0
507.cactuBSSN+CactusBindings_Parameters_PUGHReduce_Parameters.c,7234.22,1054.4,879.2,6179.82,EP_Solver=Naive,108.0
ghostscript-10.04.0+freetype_src_base_ftpatent.c,7262.6,4876.0,2151.2,2386.6000000000004,EP_Solver=Naive,109.0
507.cactuBSSN+CactusBindings_Schedule_SchedulePUGHSlab.c,7299.46,809.2,1060.92,6490.26,EP_Solver=Naive,110.0
526.blender+blender_source_blender_blenfont_intern_blf_util.c,7485.54,1826.6,1612.4,5658.9400000000005,EP_Solver=Naive,111.0
gdb-15.2+gnulib_import_count-one-bits.c,7579.8,3677.0,2473.0,3902.8,EP_Solver=Naive,112.0
ghostscript-10.04.0+base_gp_nxpsprn.c,7613.0,3826.0,1865.6,3787.0,EP_Solver=Naive,113.0
gdb-15.2+readline_readline_xfree.c,7773.8,3017.0,1715.0,4756.8,EP_Solver=Naive,114.0
502.gcc+filename_cmp.c,7793.24,3574.6,2645.22,4218.639999999999,EP_Solver=Naive,115.0
gdb-15.2+libiberty_unlink-if-ordinary.c,7803.0,5391.0,2584.6,2412.0,EP_Solver=Naive,116.0
507.cactuBSSN+Cactus_main_DefaultTimers.c,7870.34,1381.6,4159.36,6488.74,EP_Solver=Naive,117.0
ghostscript-10.04.0+psi_zchar2.c,7885.2,7396.0,3029.8,489.1999999999998,EP_Solver=Naive,118.0
507.cactuBSSN+PUGH_PostReceiveGA.c,7914.56,1137.6,2965.44,6776.960000000001,EP_Solver=Naive,119.0
gdb-15.2+libiberty_hex.c,8013.2,1688.0,762.0,6325.2,EP_Solver=Naive,120.0
507.cactuBSSN+CactusBindings_Parameters_PUGHInterp_Parameters.c,8035.54,1049.4,2752.96,6986.139999999999,EP_Solver=Naive,121.0
gdb-15.2+gnulib_import_dup-safer.c,8152.4,2065.0,1271.2,6087.4,EP_Solver=Naive,122.0
502.gcc+xexit.c,8256.42,3746.2,3307.16,4510.22,EP_Solver=Naive,123.0
gdb-15.2+gnulib_import_getprogname.c,8296.0,2164.0,994.2,6132.0,EP_Solver=Naive,124.0
502.gcc+main.c,8352.12,2476.6,2309.1,5875.52,EP_Solver=Naive,125.0
sendmail-8.18.1+libsm_ferror.c,8373.8,7597.0,2488.8,776.7999999999993,EP_Solver=Naive,126.0
sendmail-8.18.1+libsm_clrerr.c,8524.4,7385.0,2224.2,1139.3999999999996,EP_Solver=Naive,127.0
emacs-29.4+lib_timespec.c,8649.2,3922.0,2155.4,4727.200000000001,EP_Solver=Naive,128.0
sendmail-8.18.1+libsm_feof.c,8707.4,7531.0,2388.6,1176.3999999999996,EP_Solver=Naive,129.0
557.xz+xz_signals.c,8714.18,1622.4,1282.56,7091.780000000001,EP_Solver=Naive,130.0
gdb-15.2+bfd_cpu-iamcu.c,8799.8,7715.0,3146.4,1084.7999999999993,EP_Solver=Naive,131.0
gdb-15.2+libiberty_setproctitle.c,9018.2,3227.0,1746.8,5791.200000000001,EP_Solver=Naive,132.0
emacs-29.4+lib_gettime.c,9250.8,5174.0,3110.2,4076.7999999999993,EP_Solver=Naive,133.0
502.gcc+physmem.c,9466.04,2981.2,3645.5,6484.840000000001,EP_Solver=Naive,134.0
gdb-15.2+gnulib_import_localcharset.c,9534.4,5357.0,3256.6,4177.4,EP_Solver=Naive,135.0
ghostscript-10.04.0+lcms2mt_src_cmshalf.c,9669.0,2563.0,1678.6,7106.0,EP_Solver=Naive,136.0
ghostscript-10.04.0+base_scfdtab.c,9866.4,2204.0,1113.6,7662.4,EP_Solver=Naive,137.0
557.xz+liblzma_common_easy_encoder_memusage.c,9989.64,3112.4,1431.68,6877.24,EP_Solver=Naive,138.0
526.blender+blender_source_blender_blenlib_intern_math_base.c,10012.34,3252.0,2336.12,6760.34,EP_Solver=Naive,139.0
557.xz+common_tuklib_mbstr_width.c,10131.12,3450.6,4437.72,6680.52,EP_Solver=Naive,140.0
507.cactuBSSN+PUGHInterp_Startup.c,10191.62,2017.2,5703.14,8174.420000000001,EP_Solver=Naive,141.0
sendmail-8.18.1+libsm_xtrap.c,10508.4,7940.0,2543.6,2568.3999999999996,EP_Solver=Naive,142.0
502.gcc+lbasename.c,10620.38,3788.6,3183.6,6831.779999999999,EP_Solver=Naive,143.0
emacs-29.4+lib_timespec-sub.c,10627.4,4018.0,2148.4,6609.4,EP_Solver=Naive,144.0
gdb-15.2+libiberty_xexit.c,10763.0,4939.0,1941.2,5824.0,EP_Solver=Naive,145.0
ghostscript-10.04.0+base_scfetab.c,11100.4,2893.0,1158.6,8207.4,EP_Solver=Naive,146.0
557.xz+liblzma_common_easy_decoder_memusage.c,11182.84,3150.8,3241.12,8032.04,EP_Solver=Naive,148.0
526.blender+blender_source_blender_imbuf_intern_module.c,11195.86,2522.2,2653.74,8673.66,EP_Solver=Naive,149.0
sendmail-8.18.1+libsmutil_lockfile.c,11463.2,7392.0,3286.8,4071.2000000000007,EP_Solver=Naive,150.0
gdb-15.2+libdecnumber_bid_host-ieee64.c,11813.0,7563.0,2788.6,4250.0,EP_Solver=Naive,151.0
526.blender+spec_glcorearb.c,11840.72,4400.4,3527.18,7440.32,EP_Solver=Naive,152.0
gdb-15.2+libdecnumber_bid_host-ieee128.c,11962.8,7663.0,2787.4,4299.799999999999,EP_Solver=Naive,153.0
gdb-15.2+libdecnumber_bid_host-ieee32.c,12065.6,7709.0,2827.8,4356.6,EP_Solver=Naive,154.0
502.gcc+crc32.c,12150.08,3758.0,3195.56,8392.08,EP_Solver=Naive,155.0
557.xz+liblzma_common_easy_encoder.c,12180.44,9346.8,4351.16,2833.6400000000012,EP_Solver=Naive,156.0
gdb-15.2+gnulib_import_strnlen1.c,12210.6,6599.0,3012.0,5611.6,EP_Solver=Naive,157.0
gdb-15.2+zlib_gzclose.c,12223.6,6259.0,3012.4,5964.6,EP_Solver=Naive,158.0
507.cactuBSSN+CactusBindings_Schedule_ScheduleLocalReduce.c,12325.0,4203.4,3205.38,8121.6,EP_Solver=Naive,159.0
507.cactuBSSN+CactusBindings_Schedule_SchedulePUGHReduce.c,12330.42,4480.4,5036.64,7850.02,EP_Solver=Naive,160.0
507.cactuBSSN+CactusBindings_Parameters_ADMMacros_Parameters.c,12475.14,3992.2,2568.94,8482.939999999999,EP_Solver=Naive,161.0
526.blender+blender_source_blender_editors_armature_meshlaplacian.c,12479.24,6369.4,2593.58,6109.84,EP_Solver=Naive,162.0
ghostscript-10.04.0+psi_zfmd5.c,12541.4,10327.0,3981.4,2214.3999999999996,EP_Solver=Naive,163.0
gdb-15.2+sim_common_sim-signal.c,12612.0,8994.0,3665.4,3618.0,EP_Solver=Naive,164.0
gdb-15.2+libiberty_xmemdup.c,12754.6,9973.0,3757.0,2781.6000000000004,EP_Solver=Naive,165.0
ghostscript-10.04.0+psi_zfsha2.c,12840.6,9966.0,4006.0,2874.6000000000004,EP_Solver=Naive,166.0
557.xz+liblzma_common_easy_preset.c,12842.38,4534.8,4437.26,8307.579999999998,EP_Solver=Naive,167.0
gdb-15.2+libiberty_xstrdup.c,12945.6,9508.0,3231.0,3437.6000000000004,EP_Solver=Naive,168.0
emacs-29.4+lib_timespec-add.c,12991.6,5601.0,2848.8,7390.6,EP_Solver=Naive,169.0
emacs-29.4+lib_get-permissions.c,13058.6,4898.0,3670.4,8160.6,EP_Solver=Naive,170.0
sendmail-8.18.1+libsm_vprintf.c,13122.0,5440.0,2763.8,7682.0,EP_Solver=Naive,171.0
526.blender+blender_source_blender_editors_space_script_script_ops.c,13180.36,3810.4,4033.1,9369.960000000001,EP_Solver=Naive,172.0
gdb-15.2+libiberty_xstrerror.c,13343.0,6674.0,3572.6,6669.0,EP_Solver=Naive,173.0
gdb-15.2+libiberty_xstrndup.c,13403.4,10549.0,3398.0,2854.3999999999996,EP_Solver=Naive,174.0
526.blender+blender_source_blender_modifiers_intern_MOD_none.c,13421.32,4126.4,2809.52,9294.92,EP_Solver=Naive,175.0
gdb-15.2+libiberty_crc32.c,13438.4,4615.0,3385.8,8823.4,EP_Solver=Naive,176.0
ghostscript-10.04.0+freetype_src_sdf_ftsdfcommon.c,13543.8,4888.0,3536.4,8655.8,EP_Solver=Naive,177.0
sendmail-8.18.1+libsm_get.c,13559.2,13384.0,3709.0,175.20000000000073,EP_Solver=Naive,178.0
ghostscript-10.04.0+base_gsbittab.c,13569.4,12635.0,4076.6,934.3999999999996,EP_Solver=Naive,179.0
526.blender+zlib_gzclose.c,13757.52,5804.6,3617.08,7952.92,EP_Solver=Naive,180.0
emacs-29.4+lib_qcopy-acl.c,13832.6,9892.0,3900.0,3940.6000000000004,EP_Solver=Naive,181.0
507.cactuBSSN+Cactus_main_CactusDefaultMainLoopIndex.c,13908.08,2063.8,4388.48,11844.279999999999,EP_Solver=Naive,182.0
507.cactuBSSN+CactusBindings_Functions_IOUtil_Functions.c,14156.62,10990.4,4391.96,3166.220000000001,EP_Solver=Naive,183.0
502.gcc+host-ieee32.c,14176.82,6830.6,3797.96,7346.219999999999,EP_Solver=Naive,184.0
ghostscript-10.04.0+freetype_src_psaux_psread.c,14263.4,12428.0,3573.4,1835.3999999999996,EP_Solver=Naive,185.0
gdb-15.2+gnulib_import_stripslash.c,14312.6,8924.0,3394.2,5388.6,EP_Solver=Naive,186.0
ghostscript-10.04.0+devices_rinkj_rinkj-dither.c,14379.2,11807.0,3915.0,2572.2000000000007,EP_Solver=Naive,187.0
502.gcc+reorg.c,14421.04,11722.0,4693.78,2699.040000000001,EP_Solver=Naive,189.0
507.cactuBSSN+CactusBindings_Parameters_SymBase_Parameters.c,14535.92,3668.6,3760.44,10867.32,EP_Solver=Naive,190.0
507.cactuBSSN+Cactus_main_Subsystems.c,14596.78,3765.6,2946.8,10831.18,EP_Solver=Naive,191.0
502.gcc+xstrdup.c,14727.92,8595.0,3349.02,6132.92,EP_Solver=Naive,192.0
507.cactuBSSN+CactusBindings_Parameters_Fortran_Parameters.c,14836.38,3641.0,3881.98,11195.38,EP_Solver=Naive,193.0
502.gcc+host-ieee64.c,14986.02,6507.4,3727.64,8478.62,EP_Solver=Naive,194.0
502.gcc+xstrndup.c,15265.44,10840.8,4537.6,4424.640000000001,EP_Solver=Naive,195.0
502.gcc+host-ieee128.c,15333.06,7644.6,3282.02,7688.459999999999,EP_Solver=Naive,196.0
gdb-15.2+libiberty_xvasprintf.c,15346.0,11285.0,7048.2,4061.0,EP_Solver=Naive,197.0
ghostscript-10.04.0+base_gp_stdib.c,15381.0,9200.0,4884.8,6181.0,EP_Solver=Naive,198.0
emacs-29.4+lib_close-stream.c,15714.8,9004.0,3836.2,6710.799999999999,EP_Solver=Naive,200.0
502.gcc+xstrerror.c,15737.02,6237.6,5863.68,9499.42,EP_Solver=Naive,201.0
ghostscript-10.04.0+base_gxclzlib.c,15880.8,14289.0,5822.6,1591.7999999999993,EP_Solver=Naive,202.0
526.blender+blender_source_blender_nodes_composite_nodes_node_composite_value.c,16043.9,8156.0,2986.4,7887.9,EP_Solver=Naive,203.0
gdb-15.2+libiberty_xasprintf.c,16105.4,10656.0,3290.8,5449.4,EP_Solver=Naive,204.0
gdb-15.2+libiberty_lrealpath.c,16175.0,10172.0,3758.6,6003.0,EP_Solver=Naive,205.0
507.cactuBSSN+CactusBindings_Schedule_SchedulePUGHInterp.c,16213.88,4212.2,5878.8,12001.68,EP_Solver=Naive,206.0
507.cactuBSSN+CactusBindings_Schedule_ScheduleFortran.c,16215.18,4208.6,4320.88,12006.58,EP_Solver=Naive,207.0
526.blender+blender_source_blender_nodes_composite_nodes_node_composite_mapUV.c,16556.48,9987.2,4631.98,6569.279999999999,EP_Solver=Naive,208.0
ghostscript-10.04.0+base_gdevmx.c,16570.6,5918.0,2832.6,10652.599999999999,EP_Solver=Naive,209.0
507.cactuBSSN+Cactus_main_CallStartupFunctions.c,16820.18,5329.0,5004.04,11491.18,EP_Solver=Naive,210.0
gdb-15.2+gnulib_import_cloexec.c,16862.0,3746.0,2969.6,13116.0,EP_Solver=Naive,211.0
538.imagick+magick_animate.c,16869.14,12653.4,5412.42,4215.74,EP_Solver=Naive,212.0
507.cactuBSSN+CactusBindings_Parameters_ML_BSSN_Helper_Parameters.c,16938.78,7096.2,4394.0,9842.579999999998,EP_Solver=Naive,213.0
ghostscript-10.04.0+base_ttcalc.c,16960.6,6352.0,7157.4,10608.599999999999,EP_Solver=Naive,214.0
502.gcc+xmemdup.c,17052.34,6565.8,4315.5,10486.54,EP_Solver=Naive,216.0
ghostscript-10.04.0+extract_src_odt_template.c,17212.2,13297.0,5187.0,3915.2000000000007,EP_Solver=Naive,218.0
ghostscript-10.04.0+freetype_src_gzip_ftgzip.c,17303.0,8162.0,3817.8,9141.0,EP_Solver=Naive,219.0
emacs-29.4+src_terminfo.c,17514.4,10381.0,4497.8,7133.4000000000015,EP_Solver=Naive,221.0
sendmail-8.18.1+libsm_rewind.c,17678.0,12594.0,4823.0,5084.0,EP_Solver=Naive,223.0
ghostscript-10.04.0+leptonica_src_zlibmemstub.c,17729.4,15073.0,5165.2,2656.4000000000015,EP_Solver=Naive,224.0
507.cactuBSSN+Cactus_main_ProcessEnvironment.c,17916.42,6892.0,5758.62,11024.419999999998,EP_Solver=Naive,226.0
ghostscript-10.04.0+base_gxchrout.c,18097.4,7034.0,5333.6,11063.400000000001,EP_Solver=Naive,229.0
526.blender+blender_source_blender_nodes_composite_nodes_node_composite_pixelate.c,18120.9,10308.6,3727.9,7812.300000000001,EP_Solver=Naive,230.0
sendmail-8.18.1+libsmutil_snprintf.c,18169.2,15034.0,6884.8,3135.2000000000007,EP_Solver=Naive,231.0
gdb-15.2+gnulib_import_pipe-safer.c,18202.6,11421.0,5630.8,6781.5999999999985,EP_Solver=Naive,232.0
507.cactuBSSN+Cactus_main_InitialiseDataStructures.c,18223.68,5970.4,7790.28,12253.28,EP_Solver=Naive,233.0
557.xz+xz_hardware.c,18263.72,5185.4,6002.08,13078.320000000002,EP_Solver=Naive,234.0
502.gcc+cppdefault.c,18387.6,12651.4,4162.66,5736.199999999999,EP_Solver=Naive,235.0
ghostscript-10.04.0+extract_src_rect.c,18500.6,15329.0,9369.2,3171.5999999999985,EP_Solver=Naive,237.0
507.cactuBSSN+Cactus_main_FortranWrappers.c,18529.68,17018.0,6979.12,1511.6800000000003,EP_Solver=Naive,238.0
526.blender+spec_glx.c,18569.56,16722.6,9165.5,1846.9600000000028,EP_Solver=Naive,239.0
538.imagick+magick_log.c,18587.2,14165.2,5470.64,4422.0,EP_Solver=Naive,240.0
526.blender+blender_source_blender_nodes_composite_nodes_node_composite_texture.c,18613.04,10214.8,3530.76,8398.240000000002,EP_Solver=Naive,241.0
557.xz+liblzma_lzma_lzma_encoder_presets.c,18884.16,7115.8,3129.3,11768.36,EP_Solver=Naive,242.0
526.blender+blender_source_blender_nodes_composite_nodes_node_composite_flip.c,18909.58,10615.8,2977.96,8293.780000000002,EP_Solver=Naive,243.0
526.blender+blender_source_blender_blenkernel_intern_autoexec.c,18933.28,14790.4,5739.52,4142.879999999999,EP_Solver=Naive,244.0
gdb-15.2+gnulib_import_mbrtowc.c,19361.2,10916.0,4904.0,8445.2,EP_Solver=Naive,246.0
sendmail-8.18.1+libsm_fprintf.c,19520.6,19237.0,7443.4,283.59999999999854,EP_Solver=Naive,248.0
ghostscript-10.04.0+pdf_pdf_font9.c,19560.8,11152.0,4914.8,8408.8,EP_Solver=Naive,249.0
526.blender+blender_source_blender_nodes_composite_nodes_node_composite_idMask.c,19699.38,13690.8,5299.36,6008.580000000002,EP_Solver=Naive,250.0
526.blender+blender_source_blender_nodes_composite_nodes_node_composite_rgb.c,19748.76,8747.4,3544.48,11001.359999999999,EP_Solver=Naive,251.0
emacs-29.4+lib_c-strcasecmp.c,19752.4,9495.0,5398.0,10257.400000000001,EP_Solver=Naive,252.0
ghostscript-10.04.0+freetype_src_base_ftgasp.c,19833.6,7712.0,4386.8,12121.599999999999,EP_Solver=Naive,253.0
507.cactuBSSN+Cactus_main_Traverse.c,19934.32,8176.4,4663.94,11757.92,EP_Solver=Naive,255.0
544.nab+regex-alpha_regfree.c,19986.48,11037.8,2797.48,8948.68,EP_Solver=Naive,257.0
sendmail-8.18.1+libsm_lowercase.c,20252.8,11472.0,5174.2,8780.8,EP_Solver=Naive,260.0
ghostscript-10.04.0+base_gp_getnv.c,20280.2,15049.0,5095.4,5231.200000000001,EP_Solver=Naive,261.0
sendmail-8.18.1+libsmutil_cf.c,20292.0,11016.0,5085.8,9276.0,EP_Solver=Naive,262.0
emacs-29.4+lib_c-strncasecmp.c,20330.6,8829.0,5154.6,11501.599999999999,EP_Solver=Naive,263.0
526.blender+blender_source_blender_nodes_composite_nodes_node_composite_normalize.c,20364.5,11239.8,5971.76,9124.7,EP_Solver=Naive,265.0
505.mcf+pflowup.c,20447.0,6873.6,4384.08,13573.4,EP_Solver=Naive,266.0
526.blender+zlib_uncompr.c,20453.64,16982.4,7586.14,3471.239999999998,EP_Solver=Naive,267.0
526.blender+blender_source_blender_nodes_composite_nodes_node_composite_gamma.c,20488.08,10220.2,4536.7,10267.880000000001,EP_Solver=Naive,269.0
emacs-29.4+lib_acl-errno-valid.c,20494.2,1927.0,6985.8,18567.2,EP_Solver=Naive,270.0
emacs-29.4+lib_set-permissions.c,20692.0,14663.0,6615.2,6029.0,EP_Solver=Naive,273.0
507.cactuBSSN+LocalReduce_Reduction.c,20704.0,14335.2,5318.64,6368.799999999999,EP_Solver=Naive,274.0
ghostscript-10.04.0+freetype_src_base_ftdebug.c,20878.4,11929.0,5269.4,8949.400000000001,EP_Solver=Naive,275.0
557.xz+liblzma_common_easy_buffer_encoder.c,20907.3,11614.2,6863.66,9293.099999999999,EP_Solver=Naive,276.0
526.blender+blender_source_blender_nodes_composite_nodes_node_composite_composite.c,20955.88,14667.8,5530.04,6288.080000000002,EP_Solver=Worklist_Policy=TwoPhaseLeastRecentlyFired,277.0
507.cactuBSSN+Cactus_util_Network.c,21128.92,13826.6,8516.52,7302.319999999998,EP_Solver=Naive,278.0
526.blender+blender_source_blender_nodes_composite_nodes_node_composite_filter.c,21165.08,12494.6,3919.44,8670.480000000001,EP_Solver=Naive,279.0
526.blender+blender_source_blender_nodes_composite_nodes_node_composite_switch.c,21193.62,11535.8,4781.36,9657.82,EP_Solver=Naive,280.0
ghostscript-10.04.0+base_gscedata.c,21204.8,20295.0,5600.0,909.7999999999993,EP_Solver=Naive,281.0
ghostscript-10.04.0+devices_gdevstc1.c,21273.6,17872.0,5073.6,3401.5999999999985,EP_Solver=Naive,282.0
526.blender+blender_source_blender_nodes_composite_nodes_node_composite_inpaint.c,21339.46,10037.4,7570.78,11302.06,EP_Solver=Naive,283.0
557.xz+liblzma_common_stream_flags_common.c,21446.46,13014.2,5878.92,8432.259999999998,EP_Solver=Naive,284.0
526.blender+blender_source_blender_nodes_composite_nodes_node_composite_normal.c,21447.94,13948.0,4022.68,7499.939999999999,EP_Solver=Worklist_Policy=FirstInFirstOut,285.0
507.cactuBSSN+LocalReduce_Startup.c,21482.32,9321.4,7081.64,12160.92,EP_Solver=Naive,286.0
526.blender+blender_source_blender_nodes_shader_nodes_node_shader_output_lamp.c,21529.66,14723.6,5846.84,6806.0599999999995,EP_Solver=Naive,287.0
526.blender+blender_source_blender_nodes_shader_nodes_node_shader_output_linestyle.c,21653.64,12295.4,4400.18,9358.24,EP_Solver=Naive,289.0
emacs-29.4+lib_nanosleep.c,21708.8,13374.0,5982.2,8334.8,EP_Solver=Naive,291.0
gdb-15.2+sim_common_target-newlib-open.c,21886.6,13377.0,5652.8,8509.599999999999,EP_Solver=Naive,292.0
507.cactuBSSN+CactusBindings_Parameters_StaticConformal_Parameters.c,21890.44,18273.2,3832.74,3617.239999999998,EP_Solver=Worklist_Policy=LastInFirstOut,293.0
sendmail-8.18.1+libsm_config.c,21907.6,8880.0,3422.6,13027.599999999999,EP_Solver=Naive,294.0
557.xz+common_tuklib_mbstr_fw.c,21938.4,3263.6,3621.0,18674.800000000003,EP_Solver=Naive,295.0
526.blender+blender_source_blender_nodes_composite_nodes_node_composite_math.c,22053.64,17645.6,5385.2,4408.040000000001,EP_Solver=Naive,298.0
526.blender+blender_source_blender_nodes_composite_nodes_node_composite_setalpha.c,22271.76,15064.6,4429.32,7207.159999999998,EP_Solver=Worklist_Policy=FirstInFirstOut,300.0
538.imagick+magick_client.c,22289.8,12670.2,9913.08,9619.599999999999,EP_Solver=Naive,301.0
gdb-15.2+libctf_ctf-error.c,22298.8,17942.0,7364.6,4356.799999999999,EP_Solver=Naive,302.0
526.blender+blender_source_blender_nodes_shader_nodes_node_shader_wireframe.c,22380.42,20002.0,6596.06,2378.4199999999983,EP_Solver=Worklist_Policy=FirstInFirstOut_OnlineCD,303.0
526.blender+blender_source_blender_nodes_composite_nodes_node_composite_mapRange.c,22409.22,15563.2,4947.5,6846.02,EP_Solver=Naive,304.0
sendmail-8.18.1+libsm_wbuf.c,22473.0,19353.0,5467.2,3120.0,EP_Solver=Naive,306.0
526.blender+blender_source_blender_nodes_composite_nodes_node_composite_cornerpin.c,22622.6,14721.4,3854.44,7901.199999999999,EP_Solver=Naive,307.0
526.blender+blender_source_blender_modifiers_intern_MOD_softbody.c,22696.12,16186.0,6895.82,6510.119999999999,EP_Solver=Naive,308.0
507.cactuBSSN+CoordGauge_cctk_Bindings_cctk_ThornBindings.c,22742.44,22566.8,8223.82,175.63999999999942,EP_Solver=Naive,309.0
557.xz+liblzma_check_crc64_fast.c,22775.24,9598.0,6751.48,13177.240000000002,EP_Solver=Naive,310.0
526.blender+blender_source_blender_nodes_composite_nodes_node_composite_brightness.c,22809.46,14068.2,4948.02,8741.259999999998,EP_Solver=Naive,311.0
526.blender+blender_source_blender_nodes_shader_nodes_node_shader_blackbody.c,23050.18,16716.6,5220.34,6333.580000000002,EP_Solver=Naive,313.0
emacs-29.4+lib_filemode.c,23053.8,12947.0,5694.0,10106.8,EP_Solver=Naive,314.0
507.cactuBSSN+SymBase_cctk_Bindings_cctk_ThornBindings.c,23076.12,22648.0,6374.1,428.119999999999,EP_Solver=Naive,315.0
526.blender+blender_source_blender_nodes_composite_nodes_node_composite_transform.c,23129.12,9688.8,3811.56,13440.32,EP_Solver=Naive,316.0
ghostscript-10.04.0+base_shc.c,23300.6,12413.0,5944.2,10887.599999999999,EP_Solver=Naive,318.0
526.blender+blender_source_blender_nodes_shader_nodes_node_shader_particle_info.c,23375.66,8411.6,5189.0,14964.06,EP_Solver=Naive,319.0
526.blender+blender_source_blender_nodes_shader_nodes_node_shader_wavelength.c,23504.28,19368.4,5077.92,4135.879999999997,EP_Solver=Worklist_Policy=TwoPhaseLeastRecentlyFired,323.0
526.blender+blender_source_blender_nodes_composite_nodes_node_composite_premulkey.c,23517.54,13713.2,5373.32,9804.34,EP_Solver=Naive,324.0
507.cactuBSSN+CactusBindings_Implementations_ImplementationBindings.c,23726.04,6195.2,8985.94,17530.84,EP_Solver=Naive,325.0
ghostscript-10.04.0+extract_src_docx_template.c,23821.6,17457.0,6945.4,6364.5999999999985,EP_Solver=Naive,327.0
507.cactuBSSN+Cactus_util_RegisterKeyedFunction.c,23822.46,19708.0,7632.22,4114.459999999999,EP_Solver=Naive,328.0
538.imagick+magick_monitor.c,23895.3,12475.0,4464.16,11420.3,EP_Solver=Naive,329.0
507.cactuBSSN+Cactus_main_CactusDefaultShutdown.c,23938.72,18333.6,8685.66,5605.120000000003,EP_Solver=Naive,330.0
ghostscript-10.04.0+devices_gdevstc3.c,24215.6,9392.0,5028.8,14823.599999999999,EP_Solver=Naive,331.0
ghostscript-10.04.0+base_gp_strdl.c,24516.6,20999.0,5673.2,3517.5999999999985,EP_Solver=Naive,334.0
507.cactuBSSN+CactusBindings_Parameters_CoordGauge_Parameters.c,24531.74,21149.6,6865.5,3382.140000000003,EP_Solver=Worklist_Policy=FirstInFirstOut,335.0
526.blender+blender_source_blender_nodes_composite_nodes_node_composite_doubleEdgeMask.c,24587.12,10565.8,4066.84,14021.32,EP_Solver=Naive,338.0
526.blender+blender_source_blender_nodes_composite_nodes_node_composite_displace.c,24701.8,10690.4,3686.92,14011.4,EP_Solver=Naive,340.0
ghostscript-10.04.0+pdf_pdf_utf8.c,24729.8,18620.0,7188.8,6109.799999999999,EP_Solver=Naive,341.0
emacs-29.4+lib_c-ctype.c,24751.4,9509.0,6760.4,15242.400000000001,EP_Solver=Naive,342.0
526.blender+blender_source_blender_nodes_composite_nodes_node_composite_mixrgb.c,24831.96,17578.0,5138.18,7253.959999999999,EP_Solver=Worklist_Policy=LastInFirstOut,344.0
507.cactuBSSN+CactusBindings_Parameters_Boundary_Parameters.c,24891.06,13267.0,7850.04,11624.060000000001,EP_Solver=Naive,346.0
gdb-15.2+libbacktrace_state.c,24911.2,23515.0,5057.4,1396.2000000000007,EP_OVS_Solver=Naive,347.0
526.blender+blender_source_blender_nodes_composite_nodes_node_composite_levels.c,24947.08,22236.8,6794.88,2710.2800000000025,EP_Solver=Naive,349.0
526.blender+blender_source_blender_nodes_shader_nodes_node_shader_output_world.c,24964.08,13495.8,4633.06,11468.280000000002,EP_Solver=Naive,350.0
507.cactuBSSN+Boundary_cctk_Bindings_cctk_ThornBindings.c,24988.24,23301.2,7549.84,1687.0400000000009,EP_Solver=Worklist_Policy=FirstInFirstOut,351.0
507.cactuBSSN+Time_cctk_Bindings_cctk_ThornBindings.c,25062.08,24406.2,7417.36,655.880000000001,EP_Solver=Naive,352.0
gdb-15.2+libctf_ctf-sha1.c,25074.6,14501.0,6407.2,10573.599999999999,EP_Solver=Naive,353.0
ghostscript-10.04.0+freetype_src_pcf_pcfutil.c,25385.6,15541.0,6751.0,9844.599999999999,EP_Solver=Naive,357.0
525.x264+x264_src_common_vlc.c,25576.86,5848.0,5574.54,19728.86,EP_Solver=Naive,359.0
emacs-29.4+lib_pipe2.c,25675.2,24310.0,9508.2,1365.2000000000007,EP_Solver=Naive,361.0
526.blender+blender_source_blender_nodes_composite_nodes_node_composite_rotate.c,25718.02,22623.0,8837.02,3095.0200000000004,EP_Solver=Worklist_Policy=FirstInFirstOut,362.0
sendmail-8.18.1+libsm_fwalk.c,25728.2,19718.0,7132.8,6010.200000000001,EP_Solver=Naive,363.0
gdb-15.2+libsframe_sframe-error.c,25729.0,15689.0,7803.8,10040.0,EP_Solver=Naive,364.0
526.blender+blender_source_blender_modifiers_intern_MOD_fluidsim_util.c,25889.72,25588.2,7261.02,301.52000000000044,EP_Solver=Naive,366.0
emacs-29.4+lib_save-cwd.c,25928.2,15819.0,13366.2,10109.2,EP_OVS_Solver=Naive,368.0
gdb-15.2+opcodes_dis-init.c,26021.4,25430.0,4593.8,591.4000000000015,EP_Solver=Naive,369.0
sendmail-8.18.1+libsm_string.c,26114.6,11126.0,5043.6,14988.599999999999,EP_Solver=Naive,370.0
557.xz+liblzma_common_vli_encoder.c,26168.64,9721.4,8878.68,16447.239999999998,EP_Solver=Naive,371.0
emacs-29.4+src_comp.c,26512.0,14591.0,7887.6,11921.0,EP_Solver=Naive,377.0
526.blender+blender_source_blender_nodes_shader_nodes_node_shader_hair_info.c,26570.14,11583.6,4108.4,14986.539999999999,EP_Solver=Naive,378.0
526.blender+blender_source_blender_nodes_composite_nodes_node_composite_zcombine.c,26573.68,10428.6,3320.36,16145.08,EP_Solver=Naive,379.0
507.cactuBSSN+CactusBindings_Parameters_TmunuBase_Parameters.c,26608.94,22489.4,8882.92,4119.539999999997,EP_Solver=Worklist_Policy=TwoPhaseLeastRecentlyFired,381.0
526.blender+blender_source_blender_nodes_shader_nodes_node_shader_holdout.c,26800.72,16123.0,6504.52,10677.720000000001,EP_Solver=Naive,384.0
526.blender+blender_source_blender_nodes_shader_nodes_node_shader_background.c,26899.06,15255.2,7707.98,11643.86,EP_Solver=Naive,386.0
557.xz+liblzma_common_block_util.c,26905.4,16920.6,8052.88,9984.800000000003,EP_Solver=Naive,387.0
gdb-15.2+libiberty_timeval-utils.c,27126.0,12433.0,4028.6,14693.0,EP_Solver=Naive,391.0
gdb-15.2+libiberty_lbasename.c,27241.8,17399.0,6395.2,9842.8,EP_Solver=Naive,392.0
sendmail-8.18.1+libsm_vsnprintf.c,27262.2,21545.0,7769.6,5717.200000000001,EP_Solver=Naive,393.0
507.cactuBSSN+CactusBindings_Schedule_ScheduleADMMacros.c,27281.5,6191.6,10071.68,21089.9,EP_Solver=Naive,395.0
gdb-15.2+libiberty_spaces.c,27370.4,7571.0,6898.2,19799.4,EP_Solver=Naive,396.0
526.blender+blender_source_blender_modifiers_intern_MOD_meshcache_util.c,27484.84,11891.0,8333.58,15593.84,EP_Solver=Naive,397.0
502.gcc+spaces.c,27557.84,6821.2,6219.46,20736.64,EP_Solver=Naive,398.0
538.imagick+magick_delegate.c,27594.54,25970.4,7838.16,1624.1399999999994,EP_Solver=Naive,399.0
507.cactuBSSN+CactusBindings_Schedule_ScheduleGenericFD.c,27636.28,15996.0,11045.22,11640.279999999999,EP_Solver=Naive,400.0
557.xz+liblzma_check_crc32_fast.c,27696.58,10619.2,6572.26,17077.38,EP_Solver=Naive,401.0
507.cactuBSSN+Cactus_main_SetupCache.c,27736.2,10605.8,4085.76,17130.4,EP_Solver=Naive,403.0
502.gcc+mkstemps.c,27741.38,23344.4,9215.88,4396.98,EP_Solver=Naive,404.0
526.blender+blender_source_blender_editors_render_render_ops.c,27860.46,7331.0,6763.5,20529.46,EP_Solver=Naive,405.0
526.blender+blender_source_blender_nodes_composite_nodes_node_composite_bokehblur.c,27867.66,23416.8,7841.76,4450.860000000001,EP_Solver=Worklist_Policy=LastInFirstOut,406.0
507.cactuBSSN+CactusBindings_Schedule_ScheduleSymBase.c,28070.66,14009.4,14494.28,14061.26,EP_Solver=Naive,409.0
526.blender+blender_source_blender_modifiers_intern_MOD_remesh.c,28269.04,22428.6,8379.16,5840.440000000002,EP_Solver=Naive,412.0
507.cactuBSSN+Boundary_NoneBoundary.c,28271.92,10275.0,4323.92,17996.92,EP_Solver=Naive,413.0
gdb-15.2+gnulib_import_setlocale_null.c,28275.2,27858.0,10547.8,417.2000000000007,EP_Solver=Naive,415.0
gdb-15.2+libiberty_bsearch_r.c,28630.2,11427.0,6358.0,17203.2,EP_Solver=Naive,418.0
507.cactuBSSN+Cactus_main_Termination.c,28641.76,11964.2,6130.7,16677.559999999998,EP_Solver=Naive,419.0
526.blender+blender_source_blender_nodes_composite_nodes_node_composite_despeckle.c,28761.52,27087.4,7197.52,1674.119999999999,EP_Solver=Worklist_Policy=FirstInFirstOut,420.0
526.blender+blender_source_blender_nodes_composite_nodes_node_composite_invert.c,28781.84,20358.4,7379.04,8423.439999999999,EP_Solver=Naive,421.0
sendmail-8.18.1+libsm_snprintf.c,28831.6,21225.0,9303.4,7606.5999999999985,EP_Solver=Naive,422.0
557.xz+liblzma_common_vli_decoder.c,29069.28,14799.6,7134.46,14269.679999999998,EP_Solver=Naive,424.0
557.xz+liblzma_common_filter_flags_decoder.c,29245.3,21377.6,9438.48,7867.700000000001,EP_OVS_Solver=Naive,427.0
ghostscript-10.04.0+freetype_src_base_ftwinfnt.c,29488.2,18982.0,5833.6,10506.2,EP_Solver=Naive,434.0
557.xz+liblzma_simple_simple_decoder.c,29813.22,19299.0,10194.62,10514.220000000001,EP_Solver=Naive,442.0
gdb-15.2+gnulib_import_basename-lgpl.c,29987.8,13333.0,11670.8,16654.8,EP_Solver=Naive,443.0
507.cactuBSSN+Cactus_main_MainUtils.c,30035.44,23569.2,8974.46,6466.239999999998,EP_Solver=Naive,444.0
557.xz+liblzma_common_filter_flags_encoder.c,30199.42,28273.6,10468.64,1925.8199999999997,EP_Solver=Naive,447.0
526.blender+specrand_specrand.c,30612.88,22364.0,15784.66,8248.880000000001,EP_Solver=Naive,454.0
507.cactuBSSN+CactusBindings_Functions_RegisterThornFunctions.c,30667.0,18779.0,12570.3,11888.0,EP_Solver=Naive,455.0
526.blender+zlib_compress.c,30801.56,29844.8,10888.0,956.760000000002,EP_Solver=Naive,457.0
ghostscript-10.04.0+base_gsrop.c,31046.8,29806.0,10973.2,1240.7999999999993,EP_Solver=Naive,463.0
526.blender+blender_source_blender_nodes_composite_nodes_node_composite_sepcombRGBA.c,31334.6,29704.2,5783.26,1630.3999999999978,EP_Solver=Worklist_Policy=LastInFirstOut,465.0
507.cactuBSSN+Cactus_util_Cache.c,31453.18,19229.2,10134.42,12223.98,EP_Solver=Naive,469.0
507.cactuBSSN+CactusBindings_Schedule_ScheduleCactus.c,31683.98,8386.0,4909.74,23297.98,EP_Solver=Naive,473.0
gdb-15.2+gnulib_import_malloc_scratch_buffer_dupfree.c,31892.0,24508.0,7938.2,7384.0,EP_Solver=Naive,476.0
557.xz+liblzma_check_check.c,31948.16,28925.4,13060.94,3022.7599999999984,EP_Solver=Naive,477.0
544.nab+specrand_specrand.c,31976.08,23975.2,16550.76,8000.880000000001,EP_Solver=Naive,478.0
557.xz+liblzma_simple_simple_encoder.c,32102.72,12125.0,8756.04,19977.72,EP_Solver=Naive,483.0
sendmail-8.18.1+libsm_strrevcmp.c,32111.6,18566.0,8038.2,13545.599999999999,EP_Solver=Naive,485.0
ghostscript-10.04.0+freetype_src_autofit_afdummy.c,32138.4,26253.0,8264.6,5885.4000000000015,EP_Solver=Naive,486.0
526.blender+blender_source_blender_nodes_composite_nodes_node_composite_sepcombHSVA.c,32606.68,24903.4,6160.2,7703.279999999999,EP_Solver=Worklist_Policy=LastInFirstOut,495.0
ghostscript-10.04.0+freetype_src_base_ftfntfmt.c,33393.8,23185.0,5389.0,10208.800000000003,EP_Solver=Naive,511.0
507.cactuBSSN+CactusBindings_Schedule_ScheduleCoordBase.c,33552.44,12515.6,6406.5,21036.840000000004,EP_Solver=Naive,512.0
526.blender+blender_source_blender_nodes_composite_nodes_node_composite_common.c,34154.44,18270.4,10253.0,15884.04,EP_Solver=Naive,517.0
ghostscript-10.04.0+base_gscrypt1.c,34295.8,15422.0,8161.2,18873.800000000003,EP_Solver=Naive,521.0
507.cactuBSSN+Cactus_main_ShutdownCactus.c,35386.72,27768.8,8897.16,7617.920000000002,EP_Solver=Naive,536.0
526.blender+blender_source_blender_blenlib_intern_sort_utils.c,35728.94,23947.8,6494.44,11781.140000000003,EP_Solver=Naive,540.0
sendmail-8.18.1+libsm_strcasecmp.c,36104.8,16643.0,7964.4,19461.800000000003,EP_Solver=Naive,541.0
526.blender+blender_source_blender_nodes_shader_nodes_node_shader_object_info.c,36338.16,34933.8,11808.5,1404.3600000000006,EP_Solver=Worklist_Policy=FirstInFirstOut,545.0
gdb-15.2+readline_readline_xmalloc.c,36404.2,35755.0,12502.8,649.1999999999971,EP_Solver=Naive,546.0
544.nab+rand2.c,36543.24,31698.4,16258.66,4844.8399999999965,EP_Solver=Naive,549.0
507.cactuBSSN+CactusBindings_Parameters_Time_Parameters.c,36740.8,31763.4,8176.3,4977.4000000000015,EP_Solver=Worklist_Policy=FirstInFirstOut,554.0
sendmail-8.18.1+sendmail_sysexits.c,36833.0,31150.0,8640.6,5683.0,EP_Solver=Naive,555.0
526.blender+blender_source_blender_blenkernel_intern_writeavi.c,36964.96,31633.4,16822.9,5331.559999999998,EP_Solver=Naive,557.0
507.cactuBSSN+CactusBindings_Parameters_GenericFD_Parameters.c,36994.76,32463.4,13628.42,4531.360000000001,EP_Solver=Worklist_Policy=FirstInFirstOut,559.0
gdb-15.2+sim_common_target-newlib-signal.c,37351.2,22784.0,9502.8,14567.199999999997,EP_Solver=Naive,568.0
507.cactuBSSN+CactusBindings_Variables_BindingsVariables.c,37862.02,17729.8,12078.22,20132.219999999998,EP_Solver=Naive,573.0
507.cactuBSSN+CactusBindings_Schedule_ScheduleBoundary.c,38210.04,17371.0,17522.62,20839.04,EP_Solver=Naive,579.0
526.blender+blender_source_blender_nodes_shader_nodes_node_shader_light_path.c,38243.02,35953.8,10035.72,2289.219999999994,EP_Solver=Naive,581.0
gdb-15.2+gnulib_import_malloca.c,38304.2,17023.0,9717.6,21281.199999999997,EP_Solver=Naive,583.0
507.cactuBSSN+CactusBindings_Schedule_BindingsSchedule.c,38507.58,17327.8,12138.8,21179.780000000002,EP_Solver=Naive,586.0
ghostscript-10.04.0+leptonica_src_bootnumgen2.c,38513.6,33243.0,6417.2,5270.5999999999985,EP_Solver=Naive,587.0
526.blender+blender_source_blender_nodes_shader_nodes_node_shader_mix_shader.c,38708.66,37909.2,9852.88,799.4600000000064,EP_Solver=Worklist_Policy=LastInFirstOut,590.0
526.blender+spec_jpeg.c,38906.5,38317.4,19609.5,589.0999999999985,EP_OVS_Solver=Worklist_Policy=FirstInFirstOut_LazyCD,592.0
sendmail-8.18.1+libsm_errstring.c,39570.0,29465.0,9344.2,10105.0,EP_Solver=Naive,605.0
507.cactuBSSN+CactusBindings_Parameters_BindingsParameters.c,39606.46,11442.6,9673.62,28163.86,EP_Solver=Naive,606.0
507.cactuBSSN+PUGHReduce_Startup.c,39848.46,18009.4,14433.94,21839.059999999998,EP_Solver=Naive,611.0
ghostscript-10.04.0+zlib_compress.c,39973.0,32701.0,12973.2,7272.0,EP_Solver=Naive,614.0
526.blender+blender_extern_wcwidth_wcwidth.c,40256.68,17855.8,13838.8,22400.88,EP_Solver=Naive,617.0
ghostscript-10.04.0+base_gsstrl.c,40623.6,23167.0,10333.8,17456.6,EP_Solver=Naive,623.0
507.cactuBSSN+CactusBindings_Schedule_BindingsParameterRecovery.c,40686.06,23171.8,15547.28,17514.26,EP_Solver=Naive,624.0
557.xz+liblzma_simple_arm.c,40754.06,32289.2,14538.04,8464.859999999997,EP_Solver=Naive,626.0
557.xz+liblzma_simple_sparc.c,40859.08,36575.6,15094.14,4283.480000000003,EP_Solver=Naive,627.0
gdb-15.2+libiberty_xatexit.c,41072.6,32728.0,12183.0,8344.599999999999,EP_Solver=Naive,629.0
ghostscript-10.04.0+base_gsstrtok.c,41166.0,25776.0,11702.4,15390.0,EP_Solver=Naive,631.0
gdb-15.2+zlib_uncompr.c,41323.0,39804.0,11971.4,1519.0,EP_Solver=Naive,633.0
557.xz+liblzma_simple_armthumb.c,41337.68,32835.8,15586.52,8501.879999999997,EP_Solver=Naive,634.0
544.nab+chirvol.c,41413.06,22205.6,12549.46,19207.46,EP_Solver=Naive,635.0
502.gcc+xatexit.c,41634.46,32066.6,12397.88,9567.86,EP_Solver=Naive,637.0
gdb-15.2+libbacktrace_sort.c,43188.4,24916.0,19003.6,18272.4,EP_Solver=Naive,661.0
557.xz+liblzma_simple_powerpc.c,43193.66,35328.0,17978.48,7865.6600000000035,EP_Solver=Naive,662.0
526.blender+blender_source_blender_nodes_shader_nodes_node_shader_emission.c,43581.3,41762.4,12175.5,1818.9000000000015,EP_Solver=Worklist_Policy=LastInFirstOut,667.0
507.cactuBSSN+Cactus_util_StoreKeyedData.c,44060.96,43578.0,11160.44,482.9599999999991,EP_Solver=Naive,673.0
526.blender+blender_source_blender_blenlib_intern_lasso.c,44177.56,40870.8,14613.4,3306.7599999999948,EP_Solver=Naive,675.0
526.blender+blender_source_blender_nodes_shader_nodes_node_shader_geometry.c,44992.54,44036.2,14483.22,956.3400000000038,EP_Solver=Worklist_Policy=FirstInFirstOut,680.0
507.cactuBSSN+CactusBindings_Parameters_IOBasic_Parameters.c,46163.5,42121.4,13094.12,4042.0999999999985,EP_Solver=Worklist_Policy=FirstInFirstOut,692.0
505.mcf+pbla.c,46253.62,14517.8,11523.52,31735.820000000003,EP_Solver=Naive,694.0
ghostscript-10.04.0+base_gxi16bit.c,47050.8,29213.0,10355.6,17837.800000000003,EP_Solver=Naive,707.0
gdb-15.2+gnulib_import_dirname-lgpl.c,47234.4,26985.0,11158.0,20249.4,EP_Solver=Naive,710.0
emacs-29.4+lib_dtoastr.c,47612.6,24983.0,15392.4,22629.6,EP_Solver=Naive,715.0
526.blender+zlib_adler32.c,47884.24,28764.8,12844.74,19119.44,EP_Solver=Naive,718.0
gdb-15.2+bfd_stab-syms.c,48141.2,14480.0,10784.4,33661.2,EP_Solver=Naive,720.0
507.cactuBSSN+StaticConformal_ConfPhys.c,48667.24,43704.2,12091.16,4963.040000000001,EP_Solver=Naive,723.0
sendmail-8.18.1+libsm_match.c,49236.6,18751.0,11730.8,30485.6,EP_Solver=Naive,730.0
505.mcf+pstart.c,50012.36,17694.4,13113.16,32317.96,EP_Solver=Naive,737.0
502.gcc+sort.c,50143.86,22824.2,13768.74,27319.66,EP_Solver=Naive,740.0
emacs-29.4+lib_md5-stream.c,50301.6,46521.0,17718.8,3780.5999999999985,EP_Solver=Naive,743.0
ghostscript-10.04.0+devices_vector_whitelst.c,50681.8,21759.0,17488.6,28922.800000000003,EP_Solver=Naive,748.0
507.cactuBSSN+CactusBindings_Parameters_ADMBase_Parameters.c,51230.14,45920.0,18034.8,5310.139999999999,EP_Solver=Worklist_Policy=FirstInFirstOut,752.0
gdb-15.2+zlib_adler32.c,51356.4,36017.0,15209.0,15339.400000000001,EP_Solver=Naive,753.0
507.cactuBSSN+CactusBindings_Parameters_GaugeWave_Parameters.c,51793.28,42803.2,24613.32,8990.080000000002,EP_Solver=Naive,755.0
507.cactuBSSN+Cactus_main_ConfigData.c,51832.84,34762.2,9716.44,17070.64,EP_Solver=Worklist_Policy=LastInFirstOut,756.0
sendmail-8.18.1+libsm_sem.c,54479.6,42189.0,17075.2,12290.599999999999,EP_Solver=Naive,772.0
507.cactuBSSN+CactusBindings_Schedule_ScheduleTmunuBase.c,54723.56,53050.6,33385.82,1672.9599999999991,EP_Solver=Worklist_Policy=LastInFirstOut,773.0
ghostscript-10.04.0+freetype_src_autofit_afranges.c,55043.2,11533.0,4162.8,43510.2,EP_Solver=Naive,775.0
557.xz+liblzma_simple_x86.c,56157.0,46348.4,20246.14,9808.599999999999,EP_Solver=Naive,784.0
ghostscript-10.04.0+base_gp_utf8.c,56467.6,37991.0,15930.8,18476.6,EP_Solver=Naive,785.0
ghostscript-10.04.0+zlib_adler32.c,57011.8,34656.0,16224.2,22355.800000000003,EP_Solver=Naive,788.0
526.blender+blender_source_blender_nodes_shader_nodes_node_shader_bsdf_velvet.c,57652.3,54584.6,18341.32,3067.7000000000044,EP_Solver=Worklist_Policy=LastInFirstOut,793.0
sendmail-8.18.1+libsm_strexit.c,58691.4,29614.0,29316.2,29077.4,EP_Solver=Naive,799.0
557.xz+liblzma_simple_ia64.c,58914.24,35875.6,20374.8,23038.64,EP_Solver=Naive,800.0
gdb-15.2+libiberty_sort.c,59946.2,25409.0,16715.2,34537.2,EP_Solver=Naive,806.0
ghostscript-10.04.0+freetype_src_autofit_afshaper.c,63888.6,60819.0,16194.4,3069.5999999999985,EP_Solver=Naive,828.0
507.cactuBSSN+CactusBindings_Parameters_Cactus_Parameters.c,64970.76,64571.0,19358.36,399.76000000000204,EP_Solver=Worklist_Policy=FirstInFirstOut_OnlineCD,840.0
ghostscript-10.04.0+base_gsserial.c,65217.2,64938.0,18292.0,279.1999999999971,EP_Solver=Naive,842.0
502.gcc+insn-modes.c,66425.36,63401.4,16633.2,3023.959999999999,EP_Solver=Worklist_Policy=FirstInFirstOut_LazyCD,850.0
ghostscript-10.04.0+freetype_src_base_ftlcdfil.c,69244.0,57630.0,10193.8,11614.0,EP_Solver=Naive,875.0
ghostscript-10.04.0+freetype_src_pfr_pfrcmap.c,70560.0,53974.0,16083.6,16586.0,EP_Solver=Naive,885.0
sendmail-8.18.1+libsm_strto.c,70726.2,55676.0,19395.6,15050.199999999997,EP_Solver=Naive,888.0
ghostscript-10.04.0+base_gdevkrnlsclass.c,74772.4,67681.0,14046.0,7091.399999999994,EP_Solver=Naive,912.0
ghostscript-10.04.0+contrib_lips4_gdevlips.c,81610.6,58918.0,30180.6,22692.600000000006,EP_Solver=Naive,959.0
507.cactuBSSN+CactusBindings_Parameters_CoordBase_Parameters.c,84992.46,80203.6,29995.74,4788.860000000001,EP_Solver=Worklist_Policy=LastInFirstOut,982.0
507.cactuBSSN+CactusBindings_Parameters_CartGrid3D_Parameters.c,85127.3,83350.0,25925.06,1777.300000000003,EP_Solver=Worklist_Policy=FirstInFirstOut_OnlineCD,983.0
ghostscript-10.04.0+obj_iconfig.c,85565.0,78596.0,18286.6,6969.0,EP_Solver=Worklist_Policy=FirstInFirstOut_OnlineCD,990.0
557.xz+liblzma_lzma_lzma_encoder_optimum_fast.c,85609.1,66900.8,30611.02,18708.300000000003,EP_Solver=Naive,991.0
sendmail-8.18.1+sendmail_arpadate.c,86631.6,76644.0,20037.2,9987.600000000006,EP_Solver=Naive,999.0
emacs-29.4+lib_filevercmp.c,88083.0,76680.0,42639.8,11403.0,EP_Solver=Naive,1007.0
526.blender+zlib_crc32.c,93667.08,81458.2,39226.1,12208.880000000005,EP_Solver=Naive,1045.0
sendmail-8.18.1+sendmail_trace.c,94777.6,94763.0,28156.8,14.60000000000582,EP_Solver=Naive,1054.0
ghostscript-10.04.0+obj_jidctint.c,95516.4,37797.0,21174.4,57719.399999999994,EP_Solver=Naive,1063.0
ghostscript-10.04.0+base_gsimpath.c,99078.6,47798.0,37290.2,51280.600000000006,EP_Solver=Naive,1075.0
ghostscript-10.04.0+base_gxctable.c,99582.4,65114.0,27962.6,34468.399999999994,EP_Solver=Naive,1079.0
502.gcc+c-lang.c,102296.56,90613.2,27174.66,11683.36,EP_Solver=Worklist_Policy=FirstInFirstOut_OnlineCD,1097.0
507.cactuBSSN+CactusBindings_Parameters_MoL_Parameters.c,102707.02,97759.4,33004.64,4947.62000000001,EP_Solver=Worklist_Policy=FirstInFirstOut_OnlineCD,1099.0
ghostscript-10.04.0+psi_iscannum.c,105104.2,60676.0,28846.2,44428.2,EP_Solver=Naive,1111.0
gdb-15.2+libdecnumber_bid_bid2dpd_dpd2bid.c,108425.6,58129.0,16731.6,50296.600000000006,EP_Solver=Naive,1125.0
505.mcf+treeup.c,110079.2,42754.8,24239.48,67324.4,EP_Solver=Naive,1132.0
gdb-15.2+zlib_crc32.c,111320.0,102993.0,45373.2,8327.0,EP_Solver=Naive,1140.0
507.cactuBSSN+Cactus_main_Complex.c,112174.48,43925.6,37426.28,68248.88,EP_Solver=Naive,1145.0
ghostscript-10.04.0+zlib_crc32.c,113243.8,108498.0,46304.0,4745.800000000003,EP_Solver=Naive,1151.0
505.mcf+pbeampp.c,114355.74,106638.8,26664.78,7716.940000000002,EP_Solver=Naive,1155.0
502.gcc+bid2dpd_dpd2bid.c,115999.22,75371.4,17908.82,40627.82000000001,EP_Solver=Naive,1167.0
507.cactuBSSN+PUGHSlab_DatatypeConversion.c,116749.34,101499.0,34834.8,15250.339999999997,EP_Solver=Naive,1174.0
526.blender+blender_source_blender_blenlib_intern_easing.c,121700.6,69004.8,57118.16,52695.8,EP_Solver=Naive,1197.0
gdb-15.2+sim_common_target-newlib-errno.c,124302.8,70711.0,32075.2,53591.8,EP_Solver=Naive,1210.0
ghostscript-10.04.0+freetype_src_psaux_psconv.c,128323.2,120787.0,31305.0,7536.199999999997,EP_Solver=Naive,1227.0
ghostscript-10.04.0+devices_gdevstc4.c,141663.2,80843.0,45733.2,60820.20000000001,EP_Solver=Naive,1277.0
ghostscript-10.04.0+obj_jcinit.c,142729.0,140983.0,32730.4,1746.0,EP_OVS_Solver=Worklist_Policy=FirstInFirstOut,1281.0
526.blender+zlib_inffast.c,149945.14,98933.2,28230.26,51011.94000000002,EP_Solver=Naive,1330.0
gdb-15.2+zlib_inffast.c,152282.0,86884.0,28270.6,65398.0,EP_Solver=Naive,1337.0
ghostscript-10.04.0+zlib_inffast.c,152984.0,90088.0,28772.8,62896.0,EP_Solver=Naive,1342.0
ghostscript-10.04.0+base_gsbitcom.c,164218.4,57431.0,48751.4,106787.4,EP_Solver=Naive,1391.0
ghostscript-10.04.0+devices_gdevstc2.c,167845.6,109063.0,42771.2,58782.600000000006,EP_Solver=Naive,1405.0
526.blender+blender_source_blender_blenlib_intern_md5.c,168706.34,130884.6,53988.2,37821.73999999999,EP_Solver=Naive,1412.0
ghostscript-10.04.0+zlib_inftrees.c,179409.0,81380.0,56427.4,98029.0,EP_Solver=Naive,1443.0
gdb-15.2+zlib_inftrees.c,182648.0,81021.0,56635.0,101627.0,EP_Solver=Naive,1452.0
ghostscript-10.04.0+openjpeg_src_lib_openjp2_invert.c,182970.8,162304.0,72960.8,20666.79999999999,EP_Solver=Naive,1455.0
526.blender+zlib_inftrees.c,183083.58,78727.0,55792.44,104356.57999999999,EP_Solver=Naive,1456.0
505.mcf+spec_qsort_spec_qsort.c,208815.32,117016.2,65818.66,91799.12000000001,EP_Solver=Naive,1551.0
502.gcc+spec_qsort_spec_qsort.c,211028.16,116340.0,65717.26,94688.16,EP_Solver=Naive,1558.0
ghostscript-10.04.0+base_claptrap.c,234259.6,134310.0,103405.2,99949.6,EP_Solver=Naive,1632.0
ghostscript-10.04.0+base_gxbcache.c,239731.0,66150.0,14312.4,173581.0,EP_Solver=Naive,1647.0
ghostscript-10.04.0+libpng_pngwtran.c,245923.0,211595.0,58477.6,34328.0,EP_Solver=Naive,1672.0
ghostscript-10.04.0+base_claptrap-planar.c,252802.4,142510.0,104745.8,110292.4,EP_Solver=Naive,1696.0
ghostscript-10.04.0+devices_gdevpcl.c,259594.6,236675.0,56880.0,22919.600000000006,EP_Solver=Naive,1714.0
ghostscript-10.04.0+leptonica_src_fhmtgenlow.1.c,283515.2,118921.0,75176.6,164594.2,EP_Solver=Naive,1779.0
ghostscript-10.04.0+freetype_src_pfr_pfrsbit.c,319254.6,289595.0,97241.2,29659.599999999977,EP_Solver=Naive,1873.0
ghostscript-10.04.0+base_gxsample.c,324828.6,309358.0,58541.0,15470.599999999977,EP_Solver=Naive,1894.0
ghostscript-10.04.0+base_gsflip.c,431215.4,220416.0,143268.6,210799.40000000002,EP_Solver=Naive,2123.0
gdb-15.2+libiberty_dwarfnames.c,490305.0,166899.0,135005.4,323406.0,EP_Solver=Naive,2221.0
526.blender+blender_source_blender_blenlib_intern_noise.c,567894.8,542062.4,405015.54,25832.400000000023,EP_Solver=Naive,2334.0
ghostscript-10.04.0+base_gsroptab.c,593438.8,316118.0,189444.6,277320.80000000005,EP_Solver=Naive,2365.0
526.blender+blender_source_blender_blenlib_intern_polyfill2d.c,619294.96,548184.4,410974.4,71110.55999999994,EP_Solver=Worklist_Policy=TwoPhaseLeastRecentlyFired,2399.0
507.cactuBSSN+PUGHReduce_ReductionNorm1.c,641073.08,634815.4,170976.46,6257.679999999935,EP_Solver=Naive,2423.0
507.cactuBSSN+PUGHReduce_ReductionNormInf.c,652351.78,601502.2,170934.3,50849.580000000075,EP_Solver=Naive,2441.0
557.xz+liblzma_lzma_lzma_encoder_optimum_normal.c,658490.5,550443.4,330225.1,108047.09999999998,EP_Solver=Naive,2445.0
ghostscript-10.04.0+leptonica_src_roplow.c,1252380.0,795814.0,349251.6,456566.0,EP_Solver=Naive,2892.0
ghostscript-10.04.0+leptonica_src_dwacomblow.2.c,3968074.0,1547441.0,1489869.4,2420633.0,EP_Solver=Naive,3373.0
ghostscript-10.04.0+leptonica_src_fmorphgenlow.1.c,4760690.0,1839720.0,1586575.2,2920970.0,EP_Solver=Naive,3418.0
507.cactuBSSN+LocalReduce_SumFunctions.c,15618688.26,12081932.8,5298373.7,3536755.459999999,EP_Solver=Naive,3534.0
507.cactuBSSN+LocalReduce_Norm3Functions.c,19724622.36,14780945.6,6115785.22,4943676.76,EP_Solver=Naive,3545.0
507.cactuBSSN+LocalReduce_AvgFunctions.c,19866976.18,15960846.4,6843804.44,3906129.7799999993,EP_Solver=Naive,3546.0
507.cactuBSSN+LocalReduce_CountFunctions.c,19902677.86,12676446.0,6353333.42,7226231.859999999,EP_Solver=Naive,3547.0
507.cactuBSSN+LocalReduce_NormInfFunctions.c,20275824.78,16191475.2,6131896.94,4084349.580000002,EP_Solver=Naive,3548.0
507.cactuBSSN+LocalReduce_MinFunctions.c,20347089.26,16644430.6,6392359.06,3702658.660000002,EP_Solver=Naive,3549.0
507.cactuBSSN+LocalReduce_Norm4Functions.c,20492705.7,16509616.4,6801622.48,3983089.299999999,EP_Solver=Naive,3550.0
507.cactuBSSN+LocalReduce_Norm2Functions.c,21094928.44,18407089.6,7427126.92,2687838.84,EP_Solver=Naive,3553.0
507.cactuBSSN+LocalReduce_Norm1Functions.c,21205720.7,15916745.2,7041324.74,5288975.5,EP_Solver=Naive,3554.0
507.cactuBSSN+LocalReduce_MaxFunctions.c,21356427.74,15766422.2,6725523.28,5590005.539999999,EP_Solver=Naive,3555.0
ghostscript-10.04.0+pdf_pdf_fontps.c,25616881.4,18194526.0,78492051.0,7422355.3999999985,EP_OVS_Solver=Worklist_Policy=LeastRecentlyFired_OnlineCD,3566.0
502.gcc+passes.c,35553673.06,22500349.8,261065217.96,13053323.260000002,EP_OVS_Solver=Worklist_Policy=TwoPhaseLeastRecentlyFired_HybridCD,3575.0
502.gcc+cp-demangle.c,37827957.5,22977098.6,533350497.86,14850858.899999999,EP_OVS_Solver=Worklist_Policy=LeastRecentlyFired_OnlineCD,3577.0
emacs-29.4+lib-src_etags.c,68587339.4,38599293.0,741651704.0,29988046.400000006,EP_OVS_Solver=Worklist_Policy=LeastRecentlyFired_OnlineCD,3582.0
emacs-29.4+lib-src_ebrowse.c,71039033.8,10305595.0,37135675.0,60733438.8,EP_OVS_Solver=Worklist_Policy=LeastRecentlyFired_OnlineCD,3584.0
502.gcc+insn-attrtab.c,153308280.68,55708130.2,75842211.38,97600150.48,EP_OVS_Solver=Worklist_Policy=FirstInFirstOut_OnlineCD,3585.0
emacs-29.4+lib-src_ctags.c,244763681.0,37793713.0,756790962.6,206969968.0,EP_OVS_Solver=Worklist_Policy=LeastRecentlyFired_OnlineCD,3588.0
ghostscript-10.04.0+base_gdevp14.c,684899010.6,544860532.0,20000815923.2,140038478.60000002,EP_OVS_Solver=Worklist_Policy=LeastRecentlyFired_OnlineCD,3589.0
